{
  "state": "sensory_balance_observed",
  "integration_score": 0.458978199354813,
  "break_layer": "fuehlen",
  "interpretation": "Form kann sichtbar sein, aber das MCM-Feld traegt den Kontakt nicht stabil.",
  "sehen": {
    "state": "partial_form",
    "score": 0.5359463542969426,
    "structure_quality": 0.5421951636394029,
    "visual_grounding_strength": 0.35577565280165513,
    "visual_object_binding": 0.4138713409611345,
    "visual_grounding_gap": 0.14295197480211058,
    "visual_blind_action_load": 0.15675608451220918,
    "visual_sight_label": "pressured_unclear_form",
    "visual_form_family": "flow_form",
    "visual_contact_candidate": 0.2616037242584499,
    "visual_background_load": 0.2857883001864554,
    "visual_depth": 0.407737804080639,
    "visual_cortex_label": "unformed_visual_background",
    "dominant_visual_object": "trend_object",
    "visual_object_presence": 0.4756711110167318,
    "visual_object_clarity": 0.28971998295133367,
    "visual_relation_coherence": 0.4955931529576659,
    "visual_readiness": 0.26125395409898144,
    "visual_relation_label": "near_contact_object",
    "visual_lifecycle_label": "contacting_object",
    "visual_object_side": "lower_area",
    "visual_object_distance": 0.47385646407685716,
    "visual_contact_nearness": 0.3979598762336491,
    "visual_lifecycle_stability": 0.41270781124764355,
    "visual_lifecycle_rejection": 0.2591236851817213,
    "visual_lifecycle_dissolution": 0.24528479575726875,
    "visual_object_binding_quality": 0.3332940003612167,
    "visual_cortex_grounding": 0.32640678345495544
  },
  "bereich": {
    "state": "coherent_multisensory_area",
    "multisensory_coherence": 0.400945592738623,
    "attention_need": 0.3053334428578459,
    "felt_depth": 0.3589324979647822,
    "overcoupling_risk": 0.2285931569711923,
    "role": "perception_only"
  },
  "hoeren": {
    "state": "calm_hearing",
    "score": 0.9464917323127476,
    "loudness": 0.05321795542917649,
    "compression": 0.16514897434337164,
    "frequency_hz": 5672.6798930079285,
    "overstimulation": 0.07431703845451725
  },
  "fuehlen": {
    "state": "burdened_field",
    "score": 0.34132726503546806,
    "mcm_axis_displacement": -0.03979463893045626,
    "mcm_axis_field_position": -0.11938391679136878,
    "mcm_axis_tension": 0.21622332530309493,
    "mcm_axis_state": "0",
    "contact_carrying_quality": 0.21075669128103658,
    "outer_inner_coherence": 0.19536790366291806,
    "pressure_to_capacity": 0.5649929189688925,
    "contact_overcoupling_risk": 0.2907900832460296
  },
  "denken": {
    "state": "thought_disabled",
    "score": 1.0,
    "enabled": false,
    "confirmation_bearing": 0.0,
    "trust_bearing": 6.639139157261741e-05,
    "rejection_pressure": 0.0010400000000000001,
    "contradiction_pressure": 0.0
  },
  "handlung": {
    "state": "action_break",
    "score": 0.29638048895820135,
    "inner_action_consent": 0.01864418384172013,
    "inner_action_support": 0.0228629511341081,
    "inner_action_no": 0.01721819647836732,
    "action_inhibition": 0.4650048109268981,
    "plan_quality": 0.2950735020153456,
    "execution_quality": 0.26761125961191,
    "risk_fit_quality": 0.12130853175319542
  },
  "sample": {
    "recent_attempts": 80,
    "trades": 87,
    "attempts": 1768,
    "pnl_netto": -3.4119611590034284
  }
}